{"timestamps": [1467351013.32528, 1467351026.758538, 1467351026.842946, 1467351026.910932, 1467351026.980101, 1467351027.049967, 1467351027.118347, 1467351027.18668, 1467351040.608733, 1467351040.696236, 1467351040.765917, 1467351040.835165, 1467351040.902543, 1467351040.969795, 1467351041.038132, 1467351041.108305, 1467351041.177007, 1467351041.245337, 1467351041.313504, 1467351041.381344, 1467351041.449298, 1467351041.517401, 1467351041.58655, 1467351041.654471, 1467351041.722793, 1467351041.789983, 1467351041.858032, 1467351055.275212, 1467351055.362827, 1467351055.431359, 1467351055.499672, 1467351055.567717, 1467351055.635867, 1467351055.703416, 1467351055.770767, 1467351055.839048, 1467351055.907753, 1467351055.976268, 1467351056.04441, 1467351056.112437, 1467351056.181448, 1467351056.250808, 1467351056.320493, 1467351056.390943, 1467351056.460238, 1467351056.527865, 1467351056.596715, 1467351056.664699, 1467351056.734162, 1467351056.802064, 1467351056.870723, 1467351056.940038, 1467351057.009499, 1467351057.07832, 1467351057.14631, 1467351057.215097, 1467351057.283065, 1467351057.350547, 1467351057.418422, 1467351057.486478, 1467351057.553662, 1467351057.621605, 1467351057.689287, 1467351057.756701, 1467351071.208541, 1467351071.295316, 1467351071.364197, 1467351071.433524, 1467351071.501719, 1467351071.571113, 1467351071.640081, 1467351071.708701, 1467351071.776626, 1467351071.84538, 1467351071.912994, 1467351071.98208, 1467351072.051077, 1467351072.120449, 1467351072.18911, 1467351072.257629, 1467351072.326511, 1467351072.394324, 1467351072.461975, 1467351072.531591, 1467351072.600318, 1467351072.669237, 1467351072.737953, 1467351072.806262, 1467351072.874721, 1467351072.943002, 1467351073.010685, 1467351073.079528, 1467351073.149238, 1467351073.218054, 1467351073.287012, 1467351073.355105, 1467351073.423172, 1467351073.492014, 1467351073.559861, 1467351073.628544], "initial_reset_timestamp": 1467350999.597022, "episode_lengths": [200, 200, 200, 200, 200, 200, 200, 200, 200, 200, 200, 200, 200, 200, 200, 200, 200, 200, 200, 200, 200, 200, 200, 200, 200, 200, 200, 200, 200, 200, 200, 200, 200, 200, 200, 200, 200, 200, 200, 200, 200, 200, 200, 200, 200, 200, 200, 200, 200, 200, 200, 200, 200, 200, 200, 200, 200, 200, 200, 200, 200, 200, 200, 200, 200, 200, 200, 200, 200, 200, 200, 200, 200, 200, 200, 200, 200, 200, 200, 200, 200, 200, 200, 200, 200, 200, 200, 200, 200, 200, 200, 200, 200, 200, 200, 200, 200, 200, 200, 200], "episode_rewards": [-127.42772037995807, -239.34290260510127, -468.92181123853851, -123.72684562662951, -126.54838270183022, -360.21102417184335, -127.9031469242878, -120.18368825327856, -242.98021997075082, -125.46812313626302, -2.2968488679155268, -592.96645344035494, -502.95303450063295, -123.7386623829037, -236.78718584352481, -474.28671562434431, -126.91977658914981, -357.64732241492078, -120.19672921980931, -123.01264973694181, -239.13447680061714, -487.64789143705195, -360.50396625367063, -125.00372327876563, -494.28683830043497, -245.5571302527251, -120.22222774081801, -119.48589290581893, -128.0645750959587, -243.36176009609957, -360.43970650003672, -123.29817105521457, -240.11657348319645, -490.78827628951461, -123.47675254378206, -639.67255945284774, -124.12473215994127, -466.81584334397206, -128.07518098499909, -129.20441204804084, -122.15619761132939, -127.60405064574771, -487.60537238968897, -125.74857979595336, -127.48704685351041, -125.49079954129583, -128.42618496464195, -242.58044554844651, -237.81656821431437, -125.75934989402531, -481.81737314790706, -126.12184418618844, -478.09886916903304, -585.95286915715144, -125.15800140324718, -121.78373816467378, -478.45467530296077, -240.02154632900488, -244.15309884826823, -119.49544302096591, -482.26351037717018, -127.01270289540834, -127.84426687895466, -1.7693336296420734, -126.84423949016028, -122.39935738422194, -238.68166298615199, -475.68913465126235, -235.97774370253867, -370.91045619315969, -474.73441097324496, -483.50863892664552, -125.62219921450126, -354.00359599560028, -128.01126600384586, -481.04540323994001, -123.36263402388606, -125.75886338987056, -354.25903454087478, -121.05366199502458, -2.1008216551614951, -126.27002139654167, -123.65724638245275, -664.25140276473542, -127.64902425496898, -128.19857604332302, -126.93191871735573, -127.71308401951308, -123.01144906246758, -366.34051159829437, -125.01442648422639, -120.42342806726185, -242.88813220208758, -485.84639989093461, -478.53411050154142, -1.8874169969000965, -2.5068956969074816, -1.8602434423924352, -468.64126676945011, -235.1827553249756]}